{"cameraMode":{"drawMode":0,"name":"Shaded","section":"Shading Mode"},"sceneLighting":true,"audioPlay":false,"sceneViewState":{"m_AlwaysRefresh":false,"showFog":true,"showSkybox":true,"showFlares":true,"showImageEffects":true,"showParticleSystems":true,"showVisualEffectGraphs":true,"m_FxEnabled":false},"in2DMode":false,"pivot":{"x":-28.254667282104493,"y":2.8097729682922365,"z":42.63518142700195},"rotation":{"x":0.1286335438489914,"y":-0.011900230310857296,"z":0.0015437495894730092,"w":0.9916223287582398},"size":4.407085418701172,"orthographic":false}