{"cameraMode":{"drawMode":0,"name":"Shaded","section":"Shading Mode"},"sceneLighting":true,"audioPlay":false,"sceneViewState":{"m_AlwaysRefresh":false,"showFog":true,"showSkybox":true,"showFlares":true,"showImageEffects":true,"showParticleSystems":true,"showVisualEffectGraphs":true,"m_FxEnabled":true},"in2DMode":false,"pivot":{"x":3.7406063079833986,"y":-1.426443099975586,"z":0.4548788070678711},"rotation":{"x":0.13161075115203858,"y":0.5805717706680298,"z":-0.09577842801809311,"w":0.7977728843688965},"size":9.764182090759278,"orthographic":false}