{"cameraMode":{"drawMode":0,"name":"Shaded","section":"Shading Mode"},"sceneLighting":true,"audioPlay":false,"sceneViewState":{"m_AlwaysRefresh":false,"showFog":true,"showSkybox":true,"showFlares":true,"showImageEffects":true,"showParticleSystems":true,"showVisualEffectGraphs":true,"m_FxEnabled":true},"in2DMode":false,"pivot":{"x":0.6494264602661133,"y":2.121978521347046,"z":-1.7748384475708008},"rotation":{"x":0.08516101539134979,"y":0.7221633791923523,"z":-0.09037665277719498,"w":0.6804863214492798},"size":5.763967514038086,"orthographic":false}