{"cameraMode":{"drawMode":0,"name":"Shaded","section":"Shading Mode"},"sceneLighting":true,"audioPlay":false,"sceneViewState":{"m_AlwaysRefresh":false,"showFog":true,"showSkybox":true,"showFlares":true,"showImageEffects":true,"showParticleSystems":true,"showVisualEffectGraphs":true,"m_FxEnabled":true},"in2DMode":false,"pivot":{"x":-8.426825523376465,"y":2.037524700164795,"z":21.209285736083986},"rotation":{"x":0.03311524540185928,"y":-0.2127380073070526,"z":0.007213084027171135,"w":0.9765241742134094},"size":1.1533918380737305,"orthographic":false}