{"cameraMode":{"drawMode":0,"name":"Shaded","section":"Shading Mode"},"sceneLighting":true,"audioPlay":false,"sceneViewState":{"m_AlwaysRefresh":false,"showFog":true,"showSkybox":true,"showFlares":true,"showImageEffects":true,"showParticleSystems":true,"showVisualEffectGraphs":true,"m_FxEnabled":true},"in2DMode":false,"pivot":{"x":7.735588073730469,"y":4.076757431030273,"z":12.974906921386719},"rotation":{"x":0.026238201186060907,"y":0.23528872430324555,"z":-0.00635431008413434,"w":0.9715555906295776},"size":19.474607467651368,"orthographic":false}