{"cameraMode":{"drawMode":0,"name":"Shaded","section":"Shading Mode"},"sceneLighting":true,"audioPlay":false,"sceneViewState":{"m_AlwaysRefresh":false,"showFog":true,"showSkybox":true,"showFlares":true,"showImageEffects":true,"showParticleSystems":true,"showVisualEffectGraphs":true,"m_FxEnabled":true},"in2DMode":false,"pivot":{"x":259.62677001953127,"y":47.09156036376953,"z":260.369384765625},"rotation":{"x":0.08987858146429062,"y":-0.0008937077363952994,"z":0.00008067471935646608,"w":0.995954155921936},"size":362.502197265625,"orthographic":false}